X,Y,EX,EY
1,-23,0.3886977677,15.5175724628
2,-27,0.4678560766,20.0212710735
3,-28,0.410242452,20.4700683672
4,-24,0.4340681111,18.298028898
5,-12,0.3529350036,12.3720572903
6,9,0.347313824,20.0056898301
7,30,0.4258057992,15.3587123163
8,61,0.35554121,21.2341013821
9,100,0.385040653,15.9544786788
